{"cameraMode":{"drawMode":0,"name":"Shaded","section":"Shading Mode"},"sceneLighting":false,"audioPlay":false,"sceneViewState":{"showFog":true,"showMaterialUpdate":false,"showSkybox":false,"showFlares":true,"showImageEffects":true,"showParticleSystems":true},"in2DMode":false,"pivot":{"x":-1388.86279296875,"y":263.67431640625,"z":-217.56068420410157},"rotation":{"x":-0.31391239166259768,"y":-0.05209331214427948,"z":0.017251916229724885,"w":-0.9478653073310852},"size":96.84286499023438,"orthographic":false}