{"cameraMode":{"drawMode":0,"name":"Shaded","section":"Shading Mode"},"sceneLighting":true,"audioPlay":false,"sceneViewState":{"showFog":true,"showMaterialUpdate":false,"showSkybox":true,"showFlares":true,"showImageEffects":true,"showParticleSystems":true},"in2DMode":false,"pivot":{"x":-11.57853889465332,"y":-39.28207015991211,"z":23.141460418701173},"rotation":{"x":0.529670238494873,"y":-0.16675139963626862,"z":0.10709370672702789,"w":0.8247268795967102},"size":30.015714645385743,"orthographic":false}