{"cameraMode":{"drawMode":0,"name":"Shaded","section":"Shading Mode"},"sceneLighting":true,"audioPlay":false,"sceneViewState":{"showFog":true,"showMaterialUpdate":false,"showSkybox":false,"showFlares":true,"showImageEffects":true,"showParticleSystems":true},"in2DMode":false,"pivot":{"x":0.8435924649238586,"y":-0.2076476812362671,"z":1.7242517471313477},"rotation":{"x":0.2037421613931656,"y":-0.10550254583358765,"z":0.022089915350079538,"w":0.9730736613273621},"size":2.3457303047180177,"orthographic":false}